from_the_content	%@ (from the content)
once_encoded_for_the_wire_over_the	%@ once encoded for the wire, over the server's limit of %lld MB: it will refuse this
part	%@, part %@
goes_out_of_in_the_queue	%@: '%@' goes out %@, %lld of %lld in the queue.
a_picture_has_to_stand_on_a	%@: a picture has to stand on a line of its own, with a blank line before it and after it -- the blog refuses the post otherwise
the_text	%@: the %@ text
the_text_is_taken_off	%@: the %@ text is taken off
address_es_still_redirect_here	%lld address(es) still redirect here
of	%lld of %lld
the_post_has_no_text	(the post has no text)
the_site_s_own	(the site's own)
waiting_for_the_cron	(waiting for the cron)
a_draft_has_no_public_address_yet	A draft has no public address yet; only its preview address changes.
a_draft_is_scheduled_from_its_properties	A draft is scheduled from its properties, or with ./blog.sh schedule.
a_new_blog	A new blog
a_picture_is_shrunk_to_px_on	A picture is shrunk to %@ px on its long edge before it goes; a video is converted to H.264 at 720p. The whole post -- text, pictures, video -- has to stay under %lld MB, the server's limit, and the limit is measured on the encoded transfer, a third larger than the files: the files themselves get about %lld MB.
a_post	A post
a_row_opens_its_post_swiped_to	A row opens its post. Swiped to a side it shows its keys; held, all of them -- and a row held can be carried to another place in the queue.
actions	Actions
add_a_blog	Add a blog
add_a_picture_or_video	Add a picture or video
announce	Announce
announce_2	Announce '%@'?
announce_anyway	Announce anyway
announced	Announced: %@
announcing	Announcing…
as_the_system_has_it	As the system has it
back_to_the_post	Back to the post
blogs	Blogs
bold	Bold
build_every_page_again	Build every page again
building_the_site_now	Building the site now.
cancel	Cancel
cancel_the_schedule	Cancel the schedule
cancel_the_schedule_and_shift_the_rest	Cancel the schedule and shift the rest (%lld) a slot earlier
cancel_the_schedule_of	Cancel the schedule of '%@'?
carried	Carried
carry	Carry
carry_to_a_position	Carry to a position…
carry_to_which_position	Carry to which position?
clearing_out	Clearing out
clearing_out_2	Clearing out…
code	Code
code_block	Code block
colours	Colours
comma_separated	Comma separated.
connection	Connection
copied	Copied
copy_the_authorized_keys_line	Copy the authorized_keys line
delete	Delete
delete_item_s_from_the_trash_for	Delete %lld item(s) from the trash for good, freeing %@? This cannot be undone.
deleted	Deleted
deleting	Deleting…
done	Done
down	Down
down_a_slot_later	Down — a slot later
draft	Draft
draft_previews_still_show_the_old_times	Draft previews still show the old times. The posts go out by the queue all the same.
draft_written	Draft written: %@
drafts_in_progress	Drafts in progress
drop	Drop
drop_it_no_longer_redirects_anywhere	Drop %@? It no longer redirects anywhere.
earlier_versions	Earlier versions
edit_what	Edit what?
empty_the_trash	Empty the trash
empty_the_trash_item_s	Empty the trash — %lld item(s), %@
forget_the_server_s_key	Forget the server's key
four_steps_larger	Four steps larger
heading	Heading
hide_the_original	Hide the original
host	Host
s_in	In %@
insert_into_text	Insert into text
italic	Italic
its_announcement_is_deleted_too_the_post	Its announcement is deleted too; the post keeps its text as a draft.
its_properties_and_the_actions_on_it	Its properties and the actions on it
key	Key
language	Language
let_the_deploy_past_its_guards	Let the deploy past its guards
link	Link
list	List
look_at_the_picture	Look at the picture
make_a_new_key	Make a new key
make_a_new_key_the_server_will	Make a new key? The server will not know it until its line is put into authorized_keys again.
make_the_app_s_key	Make the app's key
markdown_a_picture_goes_in_as_description	Markdown. A picture goes in as ![description](photo.jpg), a video as !![description](clip.mp4) -- the bare name, no path.
moved	Moved
near_enough_not_exact_the_blog_itself	Near enough, not exact: the blog itself renders the post, and the draft's preview after sending is the real thing.
new_post	New post
new_slug	New slug
no_description_yet	No description yet
no_drafts_in_progress	No drafts in progress
no_earlier_versions_yet	No earlier versions yet
no_posts	No posts
no_posts_to_choose_from	No posts to choose from.
not_in_the_text_it_will_not	Not in the text — it will not be sent with the post.
nothing_matches	Nothing matches
nothing_scheduled	Nothing scheduled
nothing_to_connect_to_yet_the_name	Nothing to connect to yet — the name above leads to the blogs and their settings.
numbered_list	Numbered list
ok	OK
old_links	Old links
older_versions_removed_freed_every_post_kept	Older versions removed: %lld, %@ freed. Every post kept its newest.
on_the_way	On the way: %@
one_picture_could_not_be_read	One picture could not be read.
one_step_larger	One step larger
only_media_are_in_the_trash_for	Only media are in the trash for this post; the terminal restores those.
only_the_words_are_translated_the_date	Only the words are translated. The date, the tags, the series and the state belong to the post itself and hold in every language.
open	Open
open_the_preview	Open the preview
picture_no_preview_on_this_device	Picture %@ -- no preview on this device
picture	Picture: %@
pictures_and_video	Pictures and video
pictures_are_not_versioned_only_the_text	Pictures are not versioned; only the text, the title, the tags and the type come back.
pictures_on_the_blog	Pictures on the blog
pictures_the_text_no_longer_names_are	Pictures the text no longer names are deleted from the blog: %@. Save anyway?
pinned	Pinned
port	Port
position_1_to	Position, 1 to %lld
preview	Preview
properties	Properties
properties_are_what_the_post_is_not	Properties are what the post IS, not what it says. The flags have a third state: whatever the site does.
publish	Publish
publish_now	Publish '%@' now?
publish_2	Publish '%@'?
publish_anyway	Publish anyway
publish_now_2	Publish now
publish_now_and_shift_the_rest_a	Publish now and shift the rest (%lld) a slot earlier
publish_when	Publish when?
published	Published: %@
publishing	Publishing…
quote	Quote
reading	Reading…
really_delete	Really delete '%@'?
really_move_back_to_draft	Really move '%@' back to draft?
rebuild_and_deploy	Rebuild and deploy
rebuilding	Rebuilding…
rebuilt_and_deployed	Rebuilt and deployed.
rebuilt_the_deploy_is_owed_to_the	Rebuilt; the deploy is owed to the next scheduled run.
remove	Remove
remove_older_version_s_freeing_every_post	Remove %lld older version(s), freeing %@? Every post keeps its newest one. This cannot be undone.
remove_from_the_app_its_key_is	Remove '%@' from the app? Its key is deleted with it; the blog itself is not touched.
remove_older_versions	Remove older versions
remove_older_versions_file_s	Remove older versions — %lld file(s), %@
remove_this_blog	Remove this blog
rename	Rename
rename_slug	Rename slug
reschedule	Reschedule
rescheduled	Rescheduled
restore	Restore
restore_2	Restore '%@'?
restore_this_version_the_current_text_is	Restore this version? The current text is kept as a version first.
restored	Restored: %@
restoring	Restoring…
result	Result
save	Save
save_and_delete_them	Save and delete them
save_and_publish_the_change	Save and publish the change
save_the_text	Save the %@ text
save_the_draft	Save the draft
saved	Saved
saving	Saving…
schedule	Schedule
schedule_anyway	Schedule anyway
scheduled	Scheduled
scheduled_goes_out	Scheduled: goes out %@.
search_the_archive	Search the archive
search_the_archive_2	Search the archive.
send_to_the_blog_as_a_draft	Send to the blog as a draft
sending	Sending…
server	Server
server_key	Server key
settings	Settings
share_the_link	Share the link
show_on_the_web	Show on the web
show_the_original	Show the original
show_the_preview_on_the_web	Show the preview on the web
strikethrough	Strikethrough
take_it_off	Take it off
take_the_text_off_the_post_then	Take the %@ text off '%@'? The post then looks exactly as it did before the translation existed.
take_this_language_off_the_post	Take this language off the post
taken_off	Taken off
test_the_connection	Test the connection
text_size	Text size
the_app_has_no_key_yet	The app has no key yet.
the_app_speaks_the_chosen_language_after	The app speaks the chosen language after it is started again.
the_app_wears_the_colours_of_the	The app wears the colours of the blog that is open. With this on it keeps to its own, the same for every blog.
the_archive	The archive
the_blog_s_settings	The blog's settings
the_engine_did_not_answer_as_data	The engine did not answer as data: %@
the_first_is_the_size_the_system	The first is the size the system has; the others are steps above it. It holds on this device, for every blog.
the_header_and_the_text_as_the	The header and the text, as the editor opens them. A picture is named by its file name.
the_key_is_made_on_this_device	The key is made on this device and never leaves it. Put the line above into the server's ~/.ssh/authorized_keys; the forced command in front of it is what the key may run, and nothing else.
the_last_posts_of_as_blog_sh	The last %@ posts of %@, as ./blog.sh offers them. Looking for an older one?
the_line_for_the_server_s_ssh	The line for the server's ~/.ssh/authorized_keys is made from where the blog is. A blog inside a container is reached through the command that enters it, for example sudo docker exec -i blog; one that is not in a container leaves that field empty.
the_old_address_keeps_answering_it_redirects	The old address keeps answering: it redirects to the new one.
the_original	The original
the_post_goes_to_the_trash_and	The post goes to the trash and can be restored.
the_post_goes_to_the_trash_and_2	The post goes to the trash and can be restored; its announcement goes with it and cannot.
the_post_is_in_the_trash_and	The post is in the trash and can be restored from there.
the_post_is_live_saving_rebuilds_and	The post is live: saving rebuilds and deploys the site.
the_post_keeps_its_text_and_loses	The post keeps its text and loses only the plan.
the_post_stays_a_draft_with_the	The post stays a draft, with the date it had before the plan.
the_post_its_media_and_its_history	The post, its media and its history come back where they were.
the_posts_in_between_step_back_one	The posts in between step back one slot each; the same times stay occupied.
the_queue_is_empty	The queue is empty
the_same_as_publishing_a_draft_by	The same as publishing a draft by hand, announcement included.
the_schedule_is_cancelled_the_post_is	The schedule is cancelled; the post is a draft again.
the_scheduled_post_queue	The scheduled-post queue
the_server_closed_the_connection_without_an	The server closed the connection without an answer.
the_server_does_not_know_this_blog	The server does not know this blog's key. The line under the key in the blog's settings belongs in ~/.ssh/authorized_keys on the server.
the_server_is_not_set_up_yet	The server is not set up yet.
the_server_s_key_changed_if_the	The server's key changed (%@). If the server was reinstalled, forget the old key in the blog's settings.
the_site	The site
the_site_could_not_be_built_it	The site could not be built: %@ It can be tried again under The site.
the_site_does_not_show_this_change	The site does not show this change yet.
the_site_has_no_address_set_so	The site has no address set, so there is nothing to open.
the_site_will_be_built_in_a	The site will be built in a moment.
the_text_did_not_come_with_the	The text did not come with the answer.
the_text_names_fewer_pictures_than_the	The text names fewer pictures than the post has. From the app a picture can be swapped for another, not taken out: the blog refuses a save that would leave the post with fewer. Taking pictures out is done at the desk, with ./blog.sh edit.
the_time_offered_is_the_next_free	The time offered is the next free publishing slot.
this_post_cannot_be_edited_here	This post cannot be edited here.
this_post_cannot_be_edited_here_at	This post cannot be edited here: %@. At the desk, edit asks before losing it; here nobody could answer.
this_post_has_no_old_addresses	This post has no old addresses.
this_site_publishes_in_more_than_one	This site publishes in more than one language and this post is not written in all of them yet: it would go out in one language only.
three_steps_larger	Three steps larger
title	Title
trash	Trash
trash_emptied_item_s_freed	Trash emptied: %lld item(s), %@ freed.
trash_is_empty	Trash is empty
two_posts_in_different_years_share_this	Two posts in different years share this slug, and the app cannot say which of them is meant. At the desk, ./blog.sh props asks which.
two_steps_larger	Two steps larger
unpublish	Unpublish
unpublished_the_post_is_a_draft_again	Unpublished; the post is a draft again.
unpublishing	Unpublishing…
up	Up
up_a_slot_earlier	Up — a slot earlier
use_the_default_colour_scheme	Use the default colour scheme
used_in_the_text	Used in the text
user	User
what_do_you_want_to_do	What do you want to do?
what_is_cleared_out_is_gone_for	What is cleared out is gone for good. Older versions are what a post said before its recent saves; each post keeps its newest.
with_a_network_configured_it_announces_too	With a network configured it announces too, which nothing takes back.
without_the_first_only_the_pages_that	Without the first, only the pages that changed are built; the second uploads everything, which the deploy's own guard asks for when it refuses.
a_former_slug_redirects_here	a former slug, redirects here
all	all
announce_3	announce (%@)
announced_2	announced
any_tag	any tag
any_type	any type
batch_pictures_few	batch.pictures.few
batch_pictures_many	batch.pictures.many
batch_pictures_one	batch.pictures.one
batch_text_only	batch.text_only
batch_videos_few	batch.videos.few
batch_videos_many	batch.videos.many
batch_videos_one	batch.videos.one
browse_state_draft	browse.state.draft
browse_state_pinned	browse.state.pinned
browse_state_published	browse.state.published
browse_state_scheduled	browse.state.scheduled
browse_state_unpublished	browse.state.unpublished
cancel_the_schedule_2	cancel the schedule
chapter_list	chapter list
delete_2	delete
draft_not_on_the_site_preview_only	draft -- not on the site, preview only
earlier_versions_2	earlier versions
editor_back	editor.back
editor_whole	editor.whole
facts_media	facts.media
facts_posts	facts.posts
facts_reading	facts.reading
facts_since	facts.since
facts_tags	facts.tags
facts_trash	facts.trash
facts_versions	facts.versions
facts_words	facts.words
flag_no	flag.no
flag_yes	flag.yes
in_the_text	in the text
language_2	language: %@
languages	languages
lead_image	lead image
mark_link_text	mark.link.text
media_only	media only
never_an_unlisted_post_is_not_announced	never -- an unlisted post is not announced
never_this_site_announces_nowhere	never -- this site announces nowhere
never_as_things_stand_the_network_s	never, as things stand -- the network's token is empty
not_announced	not announced
not_in_the_text	not in the text
not_named_deleted_on_save	not named — deleted on save
not_yet_goes_out_when_the_post	not yet -- goes out when the post publishes
old_links_2	old links
part_of_series	part of series
path	path
pin	pin
pinned_2	pinned
preview_2	preview
properties_2	properties
properties_and_actions	properties and actions
publish_3	publish
publish_now_3	publish now
published_2	published, %@
redirects_here	redirects here
rename_slug_2	rename slug
reschedule_2	reschedule
saved_draft	saved.draft
saved_published	saved.published
schedule_2	schedule
scheduled_2	scheduled
series	series
slug	slug
state	state
tag	tag
tag_2	tag=%@
tags	tags
the_text_2	the text
through	through
tile_add	tile.add
tile_browse	tile.browse
tile_post	tile.post
tile_queue	tile.queue
tile_rebuild	tile.rebuild
tile_restore	tile.restore
type	type
type_2	type=%@
unlisted	unlisted
unpin	unpin
unpublish_2	unpublish
video	video
yes_held_at_the_top_of_the	yes -- held at the top of the front page
yes_reachable_by_its_address_in_no	yes -- reachable by its address, in no listing, feed, sitemap or search
