safari	explore
eye	visibility
tray.and.arrow.down	move_to_inbox
tray	inbox
slider.horizontal.3	tune
photo.on.rectangle	photo_library
paperplane	send
minus.circle	do_not_disturb_on
link	link
key	key
doc.text.magnifyingglass	find_in_page
chevron.up.chevron.down	unfold_more
arrow.uturn.backward	undo
arrow.up.left.and.arrow.down.right	open_in_full
arrow.down.right.and.arrow.up.left	close_fullscreen
arrow.up	arrow_upward
arrow.down	arrow_downward
arrow.left	arrow_back
xmark.circle	cancel
trash.slash	delete_forever
trash	delete
text.alignleft	notes
terminal	terminal
plus	add
play.fill	play_arrow
pin	keep
pencil	edit
pencil.line	edit_note
magnifyingglass	search
hammer	hardware
globe	language
gearshape	settings
doc.on.doc	content_copy
clock.badge.xmark	timer_off
clock.arrow.circlepath	history
clock	schedule
chevron.right	chevron_right
chevron.left	chevron_left
chevron.down	keyboard_arrow_down
chevron.up	keyboard_arrow_up
checkmark	check
character.bubble	translate
calendar.badge.clock	calendar_clock
calendar.badge.minus	event_busy
calendar	calendar_month
arrow.up.arrow.down	swap_vert
doc.text	description
list.number	format_list_numbered
film	movie
xmark	close
ellipsis	more_vert
archivebox	inventory_2
megaphone	campaign
square.and.arrow.up	ios_share
square.and.pencil	edit_square
